"Category","RGS","AC","PValue","Bonferroni"
"Unassigned: regulated by multiple stresses",161,1707,2.85851459037378e-43,3.34446207073732e-41
"Proteolysis proteasome: E3: F box",56,437,1.41855608994926e-22,1.65971062524063e-20
"Extracellular material: collagen",38,184,3.73982045490939e-22,4.37558993224399e-20
"Proteolysis proteasome: E3: SCF",8,30,1.51903020916733e-06,0.000177726534472578
"mRNA functions: binding: ZF",6,17,8.36916142293225e-06,0.000979191886483073
"Development: somatic",13,122,1.06893647086916e-05,0.00125065567091692
"Development: germline",6,23,3.51390097450464e-05,0.00411126414017043
"Unassigned: prion domain",9,69,5.72380095506317e-05,0.00669684711742391
"Transmembrane transport: lipid",5,16,7.84627511743983e-05,0.0091801418874046
