"Category","RGS","AC","PValue","Bonferroni"
"Stress response",26,833,2.05174772739782e-05,0.00057448936367139
"Unassigned",117,6343,2.84443541035801e-05,0.000796441914900243
