"Category","RGS","AC","PValue","Bonferroni"
"Stress response",146,833,2.50099359454469e-36,7.00278206472513e-35
"Extracellular material",79,495,9.31805132548181e-19,2.60905437113491e-17
"Unassigned",445,6343,3.21125994565132e-14,8.9915278478237e-13
"Proteolysis general",60,394,6.10569192494014e-14,1.70959373898324e-12
"Signaling",116,1188,2.54169570744272e-12,7.11674798083962e-11
"Cytoskeleton",48,371,2.1042345564161e-09,5.89185675796508e-08
"Proteolysis proteasome",60,733,3.98142474568871e-05,0.00111479892879284
"Transmembrane transport",66,901,0.000326108476021333,0.00913103732859732
