"Category","RGS","AC","PValue","Bonferroni"
"Stress response: C-type Lectin",5,256,4.40168353310847e-06,6.60252529966271e-05
"Metabolism: lipid",6,526,1.07175747031697e-05,0.000160763620547545
