"Category","RGS","AC","PValue","Bonferroni"
"Stress response",7,833,1.5107682421709e-05,0.000135969141795381
"Metabolism",9,1601,2.63443392909951e-05,0.000237099053618956
